Amet_2513 response regulator receiver protein {Alkaliphilus metalliredigens QYMF}	---------------------MKNNIKVLIADDNKDFCDILKEYLQRQADIEVVGIAKDGLEAVELIQEMTPDLVVLDIIMPHLDGLGVLERLNKLNLESFPKVIILSAVGQDKITQRAINLGADYYVIKPFDFEVFIERIREM------------TSGISLPTENRRYNMSGQT------PLVTNNRS--LEAEITNIIHEIGVPAHIKGYLYLREAITMVVEDVGLLSAVTKELYPSIGKRFNTTSSRVERAIRHAIEVAWSRGKVDTINNLFGYTVHNDKGKPTNSEFIAMVADKLRLE-------QRIG-----
641895364 ANACAC_01704 sporulation transcription factor Spo0A [Anaerostipes caccae DSM 14662, unfinished sequence: NZ_ABAX03000012]	MFVKFAKIYNYIVNKNRIGGLNMSKINVAIADDNQKMVSMMTQLLNLDQEIEVIGSAGNGEAAVEIIKEKKPDVVLLDIIMPKLDGIGVLEKLRDERLEKQPTVIMVTAMGQESVAEEAMELGASYFILKPFDSEMVIRKIKQA----------------KLDKKVQKPFVALKE------QEGLNKNQ--LEIIITNIIHEIGVPAHIKGYQYLRDSIMLAIYDMDILNSITKQLYPTIAKQFGTTSSRVERAIRHAIEVAWGRGKMDTIDALFGYTVHAGKGKPTNSEFIALIADKIRLEYGDRIVSQKMSENDGR
643212057 AaLAA1DRAFT_1429 sporulation transcriptional activator Spo0A [Alicyclobacillus acidocaldarius LAA1, unfinished sequence: NZ_ACCS01000011]	---------------------MSTRMKILLADDHHEFAELLSEFISGQPDMEVCGIAHNGTEVLNLVRETRPDVLILDIIMPVLDGLGALERLSEVTDHP-PKVIMLTAFGQESVTRRAAELGVSYFILKPFDMPVLAERIRQV-------MFEAPAPVAATSQAVVAPMPAPSP---------PSRRS--IDAQITQIIHEIGVPAHIKGYHYLREAIGLVYEDVEILGSITKVLYPKIAQRFKTTPSRVERAIRHSIEVAWGRGNMEAIRRVFGYTVSASKTKPTNSEFIAMIADRLRME-------HRVG-----
637059477 spo0A two-component response regulator central for the initiation of sporulation [Bacillus halodurans C-125: NC_002570]	----------------------MQKVKVCIADDNRELVNLLNDYVSAQDDMEVVGVAFNGQECLSIVEERQPDVLILDIIMPHLDGLAVLEKLPYMNLQTKPNIIMLTAFGQEDVTKKAVDLGASYYVLKPFDMEILINNIREV--------------SGQKRSFVQNTASNHSSFAQPKKP-EANVFN--LDASITNIIHEIGVPAHIKGYMYLREAITMVYNDIELLGSITKVLYPDIAKKFNTTSSRVERAIRHAIEVAWSRGNIDSISNLFGYTVSVSKAKPTNSEFIAMVADKLRIE-------HKVS-----
Daud_1615 response regulator receiver protein {Candidatus Desulforudis audaxviator MP104C}	--------------------MPKETIRILIADDNREFCETLKDFIQQQDDFELLGIAHNGLEAVDRIDQGKPDVVVLDIIMPHLDGIGVLEKLATSHSGHRPKIIMLTAFGQQNVTQRAVELGADYFILKPFDFSVLATRIRQL------------ANGVCVTPY-----VAVV-----------KEKN--MDVAVTNIIHEMGVPAHIKGYHYLRDAILMVIEEISLLGAVTKELYPMIAQKYNTTASRVERAIRHAIELAWDRGNVEMMNKFFGYTINLERGKPTNSEFIAMIADKLRIE-------SKVS-----
CHY_1978 stage 0 sporulation protein A (spo0A) {Carboxydothermus hydrogenoformans Z-2901}	----------------------MDPIRIVIIDDNREFCELLKEFINQQEDFFLAGIAHNGVDGLEVIAQQKPDIVVLDIIMPHLDGIGVLEKLT--EFEDRPKVILLTAFGQESITQKAVELGADYYILKPFDFSVLAARIRQL------------AQGTVASKP-----ITASNTTSVLSSQLPKTKN--LELLVTNIIHEMGVPAHIKGYHYLRDAILMVTKEVNLLGAITKELYPMIAQKYHTTPSRVERATRHAIELAWDRGNIELINKYFGYTIDVERGKPTNSEFIAIIADRLRLE-------AKVS-----
CLC_1816 sporulation transcription factor Spo0A (spo0A) {Clostridium botulinum A Hall}	--------------------MEETKINVIIADDNKEFCNILSDYLLNQRDIMVTGIANDGVEALKLVEEKKPDLIILDIIMPHLDGLGVLEKLNSIDITPMPRVIVLSAVGQDKITQRAINLGADYYVVKPFDMDVFTKRIRQM------------FNNTISSEEVRRPVVMPETCSQEKISLSKNEPA-DLEQEITDIIHEIGVPAHIKGYMYLREAITMVVNDMELLSAVTKELYPSIAKKYNTTASRVERAIRHAIEVAWSRGQVETINNIFGYTINNGKGKPTNSEFIAMVADKLRLK-------NRVC-----
DSY2341 hypothetical protein {Desulfitobacterium hafniense Y51}	---------------------MQKPIRVLLADDNREFVEVLKEYIVRQPDMQLVGIAYHGNEALDLIYREQPDLVILDIIMPHLDGLGVLEKLQ--DDIKKPRVIILTAFGQENMTQRAVQLGADYFILKPFDLETLGKRIRQLQGLIPLVKYESPGNGAATASP-----IAATSSSSAIGA---NTRN--LEVEVTRMIHQMGVPAHVKGYQYLRDAIVCVVQEVSLLGAVTKELYPMIAEKYNTTPSRVERAIRHAIELAWDRGNIEFMNRFFGYTINVDRGKPTNSEFIAMVADKLRMA-------KML------
Dred_1086 response regulator receiver protein {Desulfotomaculum reducens MI-1}	--------------------MMRKAIKVLIADDNRDFCELLKEFINQQDDFVLVGIANNGLEALEIINSEAPDVMVLDIIMPHLDGIGVLEKISTGTVAHKPKVIMLTAFGQESVTSRAVELGADYYILKPFDFAVLATRIRQL------------ADGVAVAQY-----ISPS-----------KPRN--LDVAVTNIIHEMGVPAHIKGYHYLREAILCVINEVNLLGAVTKELYPMIAQKYQTTPSRVERAIRHAIELAWDRGNIEMMTKFFGYTINLERGKPTNSEFIAMVADKLRIE-------SKVS-----
GK2387 stage 0 sporulation protein A (two-component response regulator) (spo0A) {Geobacillus kaustophilus HTA426}	-----------------------MSIKVCIADDNRELVTLLDEYISSQPDMEVIGTAYNGQDCLHMLEEKRPDILLLDIIMPHLDGLAVLEKV-RAGCEHQPSVIMLTAFGQEDVTKKAVELGASYFILKPFDMENLVHHIRQI--------------HGKTAPMVRKTGSAYQ--ARDNKP-K----N--LDASITSIIHEIGVPAHIKGYLYLREAIAMVYHDIELLGSITKVLYPDIAKKYNTTASRVERAIRHAIEVAWSRGNLESISSLFGYTVSVSKAKPTNSEFIAMVADKLRLE-------HKAS-----
HM1_0304 stage 0 sporulation protein a (spo0A) {Heliobacterium modesticaldum Ice1}	---------------------MLKNIRLIIADDNKEFCDILRDYISQQEDMELVGVANNGQEALKLIQQEEPDLIILDIIMPHMDGIGVLEGMVGMALAKRPRTIILTAFGQESMTQRAVQLGADYFILKPFDLEILGNRIRQL------------TNGSAPAST-----PQPS------PSPIIRPRN--MDVEVTNIIHQMGVPAHIKGYQYLRDAILMVINEVSLLGAVTKELYPMIAQKYTTTPSRVERAIRHAIELAWDRGNVEMMSKFFGYTINLERGKPTNSEFIAMVADKLRLG-------QKVG-----
Bsph_3503 Stage 0 sporulation protein A {Lysinibacillus sphaericus C3-41}	-----------MFKASPEGGIEMTKVKVAIADDNRELLKTMEQYFQGHAEIEIIATASNGKICLQMLEEFTPDILLLDIIMPHLDGLAVLESMYQNEKMSSVQVIMLTAFGQEDVMKQALDLGASYFMLKPFEFDQLVQKILHC--------------AGQKATLPKKTSV-----LQPTVPQKLNQHQ--LDSTITAIIKEIGVPAHIKGYSYLREAIQMVFEDIELLGSVTKILYPEIAKKFNTTPSRVERAIRHAIEVAWNRGNYESISSMFGYTVHHLKSKPTNSEFIAMIADKIRID-------MMAS-----
PTH_1203 response regulator (CitB) {Pelotomaculum thermopropionicum SI}	--------------------MAKKGVRLLIADDNREFCELLKEFINQQEDFNLVGVAYNGLEAIQMIKDNNPDVVVLDIIMPHLDGIGVLEKLVTGNSGSRPKIIMLTAFGQESVTQKAVELGADYYILKPFDFNVLATRIRQL------------AEGVNVSQY-----ITPV-----------KPKN--LDVAVTNIIHEMGVPAHIKGYHYLRDAILMVINEVNLLGAVTKELYPMIAQKFQTTPSRVERAIRHAIELAWDRGNVEMMTKFFGYTINLERGKPTNSEFIAMVADKLRIE-------AKVS-----
Teth514_1546 response regulator receiver protein {Thermoanaerobacter sp. X514}	---------------------MVKKIRVGIADDNKEFATILAEYLSTQENIEVVGVANDGNQAIELIKNQSPDLLILDIIMPYLDGIGVLEKINEEQLKK-PKILVLSAVGQEKITQRAIALGADYYILKPFDLAMLSKRISEL------------ME--------PELNVVSKT----VFPVVKAKKNYDLEAMITEIIHEVGVPAHIKGYMYLRDAISLVISNMEYLNSVTKMLYPKIAEKYNTTPSRVERAIRHAIEVAWSRGKTEVLNELFGYTINDEKGKPTNSEFIALIADKLRLG-------MKAG-----